subj,condition,mediator,dv,moraljudg,politics,religion,gender,age,race,race_TEXT,income
R_1n94wNFgmPFeE08,1,3,2,3,3,2,1,24,1,,1
R_31Feg9J9vuU4G8d,1,2,7,7,3,6,1,41,1,,3
R_2fBByhsNamDh56n,1,1,7,6,6,6,1,44,1,,3
R_3DqGHGGXgFXJYN6,1,2,5,5,3,1,1,32,1,,1
R_0ULg9079l2PCbQh,1,1,7,4,2,1,2,27,1,,1
R_3g71P3ILgMK2eh8,1,1,7,7,3,1,2,35,1,,1
R_7V5xuCD1KdcVwCR,1,4,7,7,1,5,2,49,1,,1
R_1Hnrj5kbiyzs3KA,1,6,6,2,1,1,1,20,3,,2
R_3P7vElIbiITz0ym,1,1,7,7,4,3,1,28,1,,2
R_r2dY2HknH11INzP,1,7,1,1,6,6,1,30,1,,6
R_3HuF3jISi09x836,1,1,4,6,6,6,2,38,1,,1
R_bqJvn7RWvIyNNUF,1,1,7,7,1,1,2,24,1,,2
R_NVzm4LysVVAXdqV,1,1,6,6,3,4,1,26,3,,1
R_1is8GSOKsYw7qlO,1,1,6,6,5,6,2,28,1,,3
R_vCtCIgrnCDIMONX,1,4,4,5,2,2,1,35,1,,3
R_dgvs0OkW6ZKu8Pb,1,2,6,6,3,1,,26,1,,1
R_3lREL3LtyFMTxhC,1,1,1,7,5,1,1,32,1,,3
R_1MQSAWcGnZDPZqt,1,2,6,7,3,1,1,38,1,,1
R_3ewOpnC9viJY58S,1,2,1,7,4,4,1,35,1,,1
R_Y3IPR7IOE5KwD9T,1,3,6,6,4,2,1,47,1,,2
R_efJCrJyRdsNVZIt,1,2,7,7,3,1,2,26,1,,4
R_2fBRqolKHvR13ce,1,1,7,7,1,1,1,25,1,,1
R_czLPJQKkuU9tebT,1,2,1,7,3,2,1,33,1,,1
R_7TLhhjws5zZMjAx,1,2,5,3,2,1,1,26,1,,1
R_1DGW5HjRtPo1gMn,1,5,1,7,3,1,1,20,1,,1
R_bPI2RbpUM8TCco1,1,6,5,6,2,3,1,28,1,,2
R_RmhSYRypwyKQF0t,1,4,7,7,3,1,2,29,1,,2
R_2312pJoGW1GtoYG,1,1,7,7,2,3,2,26,3,,1
R_3EM6owwTeqvHuwC,1,4,3,6,4,2,2,34,,,3
R_3iPySCeRAYI12Y3,1,2,5,6,4,5,1,29,1,,3
R_sZmTqraeuUsd2yB,1,3,3,7,2,1,2,63,1,,1
R_24inDi5YlvY7nLo,1,1,6,4,3,1,1,29,1,,1
R_08JH4QqnYkRUoPb,1,7,5,4,3,1,1,23,3,,2
R_1d6s3GbUDBltpP5,1,1,7,7,2,1,2,23,3,,2
R_2B9UxRwpsWpdwnj,1,7,1,1,1,1,1,31,1,,2
R_1QivOj9AGoOP5nx,1,1,7,7,4,6,2,26,2,,1
R_0v0COuLA6rqaSgJ,1,2,3,6,4,1,1,40,1,,5
R_PwkbA0Jx0zeLFNT,1,1,7,4,1,1,2,26,1,,1
R_blWbwFKnAE8CQ6J,1,2,3,5,2,1,1,28,1,,1
R_T7QmLXyrPMait69,1,5,1,1,2,1,2,60,1,,2
R_2Tn3T9bDdPSsK6d,1,4,7,7,1,1,2,29,2,,2
R_3ncpcNAaDVn7KCs,1,5,7,7,2,1,2,28,1,,1
R_26bAKRAwqkbGf21,1,2,7,7,4,2,2,57,4,,3
R_bxxp71SZkqA3Ukx,1,3,7,5,3,4,2,60,1,,1
R_29bljlZzlvpcZMa,1,1,6,6,1,1,1,40,4,,2
R_2VdSHwYWP4Hf8qR,1,3,6,6,2,1,1,23,4,,2
R_33Dq0lHhp6mATTe,1,4,2,4,3,2,2,28,1,,1
R_AKHdwRJ7JsFEvG9,1,1,1,7,3,1,1,44,1,,3
R_3nuu2YgGMOXI1sZ,1,6,1,4,2,2,1,23,1,,1
R_yU5OBNMUKWCppoR,1,2,5,6,5,1,1,30,1,,3
R_271odyAtOTmsDAK,1,1,7,7,1,6,1,63,1,,2
R_2rIXDUXIAMbo24p,1,1,7,7,1,2,1,24,1,,1
R_xsZ5hg1WqQ7O5hL,1,1,2,3,4,1,1,28,1,,4
R_26fMg0voUIu6OHi,1,1,6,7,6,3,1,47,1,,1
R_1Fmjto991VVp0Zl,1,2,6,6,3,3,1,25,4,,1
R_2qmENrN1dGwNNfL,1,1,7,7,1,1,2,45,1,,1
R_1rH3CM0htKQnDPE,1,2,4,7,3,4,1,26,1,,1
R_122TH4bxDfvu95C,1,4,2,2,2,2,1,25,1,,3
R_ebp94THVB0AYX0R,1,1,7,7,1,1,1,30,1,,2
R_e3dflAAZnIZyv17,1,3,1,6,4,5,2,43,1,,2
R_1LUxIQagDxvgaiq,1,3,1,4,3,2,1,74,1,,1
R_W1iO3LbKHoajE3v,1,7,7,7,2,1,1,33,4,,1
R_3OrIdinrH1fDWHW,1,1,3,5,5,5,2,52,1,,1
R_1OC9TAtKqFf5wh9,1,1,2,2,2,1,1,23,1,,2
R_AogoBSRlYw2gKPf,1,1,1,1,1,1,2,30,1,,1
R_08UF4mGGivev2Ad,1,2,2,5,1,1,2,19,1,,1
R_1DIlIKOE66Qs966,1,4,4,5,3,4,2,30,1,,2
R_1dB12UltdjBbBY0,1,2,7,6,6,2,2,24,1,,1
R_2wc3hZgog9uCBn0,1,6,4,7,4,3,2,27,1,,3
R_3E3zawa7pSEyb6N,1,1,5,6,5,5,1,23,4,,3
R_3foxCNBOtPYz7tt,1,1,7,7,2,1,2,57,1,,1
R_1QfNehxMbCn9s3i,1,1,7,4,1,1,2,28,5,Caucasian & Native American,1
R_6Api2AO1gLGraQJ,1,3,5,4,2,2,1,23,3,,1
R_2w5JoRjlswUrVgc,1,1,6,7,2,4,1,35,3,,2
R_2anUnRDYXtz2Zcu,1,1,1,7,4,1,1,28,1,,2
R_33qlju8uYKyVXsV,1,5,3,5,3,4,2,55,1,,2
R_UDW8XvqqBmZcyjL,1,1,7,7,3,1,1,65,1,,2
R_1guop9fKOWIawHJ,1,1,7,6,2,1,1,24,1,,2
R_1roZja7C8b9YikS,1,1,1,5,6,5,1,38,1,,2
R_1Fnxzsx6FAmPGIF,1,6,2,3,3,1,1,22,1,,1
R_1mLvkc3g9dXxOIM,1,2,3,5,4,4,2,53,1,,2
R_6XtT0yc9HE8W49j,1,3,2,4,6,1,1,38,1,,3
R_DOEH2gv6GsdYXyF,1,4,1,4,6,1,1,51,1,,6
R_1dxVizVOJmFu4gi,1,2,5,5,5,5,1,19,1,,2
R_247zj1ucLCTzD8c,1,5,2,3,3,1,1,43,1,,4
R_1Nk19FvexD01wlj,1,3,5,5,1,1,2,21,5,biracial,1
R_3iR1tkVPEtnDNU8,1,3,1,4,3,1,2,25,1,,1
R_vYLz63hh4vGGOat,1,3,7,5,5,2,1,23,3,,2
R_2xVIsqlrxRKWFG1,1,5,6,5,1,4,2,25,2,,1
R_2PA3tALGsR548R7,1,2,5,5,3,2,1,19,4,,7
R_1LSZbG6I7ZzUI8H,1,1,7,7,2,1,2,24,1,,1
R_eVFdYrZYYDZP2g1,1,2,2,6,3,6,1,24,1,,3
R_1erR779cxwugR6F,1,7,3,7,2,1,2,25,1,,2
R_8jkALtl8KBzXzuV,1,1,7,7,3,1,1,26,1,,1
R_22LGmGhoDb2HVWP,1,3,7,7,2,4,1,33,2,,2
R_UgqhgBW7yywpZKN,1,1,4,4,3,1,1,28,1,,1
R_2CDtZvXBYzpuK1h,1,3,2,4,1,1,2,32,1,,5
R_3KPZVyiPXeDPCWS,1,2,6,6,2,1,2,31,1,,4
R_33gqTKfqVKNS2AT,1,7,7,6,2,5,2,24,2,,2
R_bkeYjXOwsu2OZ21,1,5,2,4,3,5,1,24,3,,1
R_Aps6RPdmj4l4heF,1,1,7,7,2,2,1,22,1,,1
R_1FJ5IOBOi0BGs3c,1,1,5,7,3,1,2,50,1,,2
R_1oj9qgkyNYztBUe,1,1,2,5,3,1,2,40,1,,1
R_1dy2GzhylT7AxOZ,1,3,3,5,2,1,2,55,1,,1
R_1HipvZbkf1VCLaz,1,1,7,7,5,4,2,55,1,,3
R_1KqntO05PNBLO8U,1,7,2,2,3,1,1,20,1,,1
R_eJQmM9calXeixvb,1,4,6,4,3,5,1,25,3,,1
R_2S0OZE1AwAb9uma,1,1,7,7,1,1,2,31,1,,1
R_3I9m8NlORJfKndJ,1,1,7,7,2,6,1,24,4,,1
R_1gV1I0HRT6SjG14,1,1,2,6,2,1,1,28,1,,2
R_2AGS14jCrp4OCX8,1,3,6,4,1,2,2,25,1,,1
R_XuNL1HnDvm9HLMJ,1,1,7,6,5,5,1,23,1,,2
R_blNjD6C5ZMA2fW9,1,1,1,4,3,1,1,29,1,,3
R_21ig9xD9cZcYfCa,1,6,1,1,5,5,1,28,1,,6
R_3M4OSHlsNiLtoIq,1,3,5,5,2,5,1,28,4,,1
R_12lIFsIe6FMcREp,1,4,7,7,1,1,1,23,2,,1
R_DjyHUfdxYvF9jNL,1,4,1,7,6,6,2,53,1,,2
R_yPZAAHbciH3Hrk5,1,4,4,4,3,1,2,29,1,,1
R_31Xd4dq1LyRRLMl,1,3,5,4,2,1,1,36,1,,2
R_2foDKADbabN5sDY,1,5,7,5,3,5,2,33,2,,2
R_1hAvsz5CSPfHapz,1,5,4,5,3,1,1,18,1,,1
R_2gzjg0Da4lEGSo9,1,4,4,4,2,1,1,21,3,,2
R_3rVCcIl8FSLm2p1,1,1,7,7,1,6,1,42,2,,1
R_2E4wq470WrX1nz8,1,1,2,7,5,1,1,27,1,,2
R_UDwwQZuxKpJg9J7,1,4,1,2,4,1,1,34,1,,2
R_sBf2aDeGDMpod69,1,1,7,7,3,1,1,30,1,,2
R_3EXO2hTEbNDLX3C,1,1,7,7,4,6,2,33,5,Middle Eastern,3
R_3KAy8bt8SdxJuOu,1,2,6,7,5,5,1,38,3,,5
R_3fGMcTAbDPAe3oq,1,7,7,7,1,4,1,33,4,,3
R_3LhGltqmKVCIGu7,1,2,4,3,4,1,1,28,1,,1
R_3nurA54AmHDhDLs,1,7,6,4,1,1,2,23,1,,3
R_2CwGANtputJhUu3,1,1,7,7,2,1,2,23,1,,1
R_2tusrMJ7VEa1g9h,1,2,6,4,1,2,2,24,1,,2
R_3D1IxZbHbkXjUIc,1,5,5,3,4,5,1,72,1,,2
R_r6FKFQoRgOYaXnj,1,2,6,6,2,2,2,18,2,,3
R_3HSmT8m6SsAlYb8,1,6,5,5,5,6,2,35,2,,2
R_2wB3qy2EX4o429a,1,4,3,4,4,1,2,25,1,,2
R_2489PV7zCFaw9Uv,1,3,1,2,3,1,1,37,1,,5
R_p65OceePfWI9TwJ,1,2,7,7,5,6,2,43,1,,2
R_1Q9M478aiyCiyYz,1,7,7,7,1,1,1,23,,,1
R_2rvyHKuptWJuUbe,1,2,4,6,2,1,1,23,1,,2
R_1Qu2gUtF25DgUvS,1,1,1,7,1,1,2,24,1,,1
R_31bxHkycfOJEEuS,1,2,3,4,3,1,1,27,1,,2
R_210U72ka5Qw6Bb1,1,1,7,7,4,4,1,23,1,,1
R_231OIT2Y0OMWda5,1,2,2,3,2,1,2,35,1,,2
R_2Xcg0OZOhke5TDh,1,2,5,4,4,2,1,,1,,1
R_2VPI8IhUFij8Lnt,1,1,5,6,1,1,1,44,1,,1
R_12ffYpWfVGROdfs,1,2,2,5,4,1,1,40,1,,4
R_3PmLCLGs5aieork,1,4,2,5,1,1,1,26,1,,1
R_ahFTNZQmfHHGFwt,1,4,5,4,3,1,1,18,4,,1
R_2WwLHBVn36EDqtl,1,2,6,5,4,1,2,40,1,,3
R_3oR6bb0ggZX8ZY7,1,7,7,4,3,4,1,24,4,,2
R_3mdgr4nRWoVWMw1,1,4,1,2,2,2,1,18,4,,1
R_DI56NPD5Id17eSZ,1,1,2,4,4,5,2,60,1,,1
R_3HY999CVsFqRDqQ,1,4,7,7,4,5,1,28,1,,3
R_XBRpNIJwkEzp8YN,1,1,1,2,2,1,1,31,1,,1
R_3qqcHxafrzIZ0Po,1,5,2,4,5,1,1,24,1,,3
R_pFoY5mhMO0aeyoV,1,2,6,4,1,1,1,25,1,,2
R_2BqyyHufjPNYnPq,1,2,3,3,2,1,1,34,4,,3
R_1DGp9Tg1TfLScaM,1,4,4,5,3,4,1,33,1,,3
R_3qg7FsGyt7waCvg,1,1,4,6,1,1,1,31,1,,1
R_3MLPeFijo4upBsh,1,3,4,5,4,1,1,25,1,,2
R_bDdZUDewDePJxgl,1,2,2,5,3,5,2,35,5,Native American,4
R_C3sa8IaAbCbBtOF,1,1,7,7,1,1,2,43,1,,4
R_uvKgUbr2ruYA9uV,1,2,5,6,2,4,1,35,4,,1
R_pn2sio8fGmgl6HD,1,1,5,4,1,1,2,27,1,,1
R_1QchmQoP69k4beC,1,1,7,7,5,4,1,55,1,,2
R_2QJTu9GsbLE71il,1,2,2,3,3,3,2,32,2,,3
R_yxzwDWz1liyfsf7,1,1,7,7,1,1,2,25,1,,2
R_RQycoTCHwk6lr0t,1,6,2,2,5,5,1,22,4,,3
R_6XUSVPYHgP3cW21,1,5,2,2,2,1,1,30,,,6
R_2E0O9IAqrjZeeaV,1,3,2,4,3,1,1,,4,,5
R_2at1FrO5f62v4qC,1,1,2,7,5,1,2,29,2,,4
R_1jGHBx3tRZb5N7s,1,1,7,7,2,1,2,24,1,,1
R_1ewVLgxBTkagkc1,1,3,1,3,2,3,2,27,1,,2
R_2OGwIpkGJH4zWNP,1,5,3,4,2,1,1,61,1,,2
R_2S1TT9BW4MIf7Di,1,5,7,4,5,4,1,26,3,,1
R_1GIWpejA2mtxlln,1,2,4,6,1,1,2,27,1,,5
R_1gSAsreQPgbwZEe,1,2,3,4,4,4,2,31,1,,1
R_3mf2Vv8TH3DpwPz,1,1,6,7,3,1,1,46,1,,2
R_21EZ6WfNB52jYnp,1,2,2,2,1,1,1,25,1,,3
R_3mxtB2Pgh477RPr,1,1,7,3,3,4,2,28,1,,2
R_25KNzBKE8XFlaBx,1,2,1,1,2,1,1,26,4,,2
R_87JAPhHOUGYePD7,1,1,2,3,4,4,2,36,1,,2
R_25sEeWEwdicih6F,1,6,1,3,4,4,2,32,1,,2
R_1P03q4mKaKRSfoW,1,4,7,7,2,1,1,35,1,,1
R_qydxMvh8kWmLqOl,1,4,7,5,2,2,2,23,1,,4
R_3hoHMoIsH4PRmHj,1,2,5,6,3,1,1,35,1,,1
R_3HZXLUteEeAnxSZ,1,1,7,7,5,6,2,26,1,,2
R_vlck09gS31RNenf,1,1,7,7,1,1,2,35,1,,1
R_3KJDD9gsEv5lhPe,1,1,7,7,1,1,2,26,1,,1
R_eD45cofrToO0xH7,1,5,7,7,3,2,1,21,4,,3
R_3OV9PNd6sTCtxO9,1,1,5,6,2,1,2,22,1,,2
R_1C2DvjGieywCrFa,1,1,3,1,4,1,1,22,1,,1
R_9z9gwsWSejZM7jr,1,5,7,7,4,2,1,28,4,,2
R_1DvwW5p8b1dclQC,1,4,1,1,3,,2,39,1,,1
R_3QLu5bE6RBnqjO6,1,3,7,5,3,1,2,22,1,,1
R_2CjlMj1hXmbk2dh,1,5,1,4,4,4,1,19,2,,1
R_2Xj4noDuH7NjZIt,1,1,7,7,1,1,1,29,3,,2
R_3HNzBQUUqcJloxw,1,2,7,7,5,2,2,48,1,,1
R_2ZWh1ex5YIfyAkA,2,2,2,5,3,4,1,43,1,,3
R_3Q0pebuMctI61Gq,2,2,3,5,3,1,1,28,1,,1
R_231U6EiBsLpJegx,2,2,1,4,1,1,1,35,1,,6
R_3LjN2sovTr5sBSh,2,2,6,5,3,6,1,19,1,,1
R_2ffUs2rp68MGMAH,2,1,7,7,6,4,1,37,1,,1
R_1C8zcSXdXbsgde6,2,1,7,7,4,6,2,52,2,,4
R_cXQRp7Qg7w8Vcrf,2,1,5,5,3,1,2,23,3,,2
R_2ZKV4kcVM8IfQ1i,2,4,1,1,2,2,1,26,1,,2
R_3PnVg4kZEr308jf,2,1,6,5,4,5,1,26,1,,3
R_3KvAXndwvL7OAF3,2,4,4,4,3,1,1,29,1,,2
R_2EzYRitJ2lQQwXd,2,7,1,1,3,1,1,23,4,,4
R_1DXYnXPSwuL7kyy,2,2,3,5,4,2,1,18,1,,3
R_1hYk4caIJTmnhan,2,1,3,5,2,1,1,25,1,,2
R_1QLQQBNpbaGdVi4,2,1,6,7,5,5,1,34,1,,6
R_OPSLGb8OW4I7bzj,2,2,6,4,3,2,1,34,1,,2
R_31LPZRawfypodkV,2,4,1,1,1,1,2,32,1,,2
R_3h3Xl3WonMdHjps,2,5,2,2,3,6,2,33,1,,1
R_sR3DEuzHkd5wDHb,2,1,6,7,3,1,1,32,1,,2
R_3ferzzd9IbvnQ3e,2,1,1,1,2,1,2,25,1,,2
R_1N4c07GmJvu2QvQ,2,4,2,3,2,2,2,51,1,,3
R_2QnrFRQ91SZ1PVX,2,3,3,2,1,1,1,32,1,,1
R_1Ib174lyqWTEKVb,2,3,1,4,2,3,2,26,2,,1
R_3nUUhO6ldeH9JrN,2,2,7,7,5,5,2,44,1,,2
R_9uG7a89onKWLHa1,2,1,5,5,2,1,1,28,2,,5
R_cUXT3QIDTosAjxH,2,1,6,6,5,6,2,28,1,,1
R_3Rg34LJ9gxuO6q5,2,5,2,3,2,1,2,27,1,,4
R_3KBeVzhTcqgQNvY,2,2,1,2,3,2,1,46,1,,3
R_3g4JOgifENdoFvE,2,5,2,1,2,1,2,30,1,,1
R_2YQjpU3MKWAFCm6,2,3,1,2,4,5,1,37,1,,1
R_2SjMp3TRV4zHgE9,2,4,2,4,3,1,1,25,4,,2
R_1QyMowVW5WyiCL3,2,3,4,2,2,4,1,40,2,,4
R_2ToUWDrB5YtMCKV,2,7,1,1,2,1,2,22,1,,2
R_TixYrDLbw4gJEVX,2,7,1,1,3,2,1,24,4,,2
R_8p4IS753hQmg9W5,2,1,6,4,3,4,2,28,1,,2
R_cROiU4m8qHTWMQF,2,3,6,4,3,1,1,39,1,,2
R_sgLwqMLZNWPOa41,2,2,2,4,3,2,2,37,1,,2
R_2SoHeC8rJGL2XRg,2,7,1,7,2,1,1,31,4,,3
R_1IFqirxxRnHIEkD,2,5,1,1,5,5,2,45,1,,3
R_1jVR7nI07Y5ZybL,2,6,3,4,1,1,2,29,1,,1
R_2fka100J0wPMOzj,2,3,2,2,1,3,2,34,4,,2
R_2OIutWNyDVvHu8T,2,5,1,1,2,1,1,22,1,,1
R_3lYTPxnNzTZJDVW,2,1,2,2,4,4,2,36,5,"Asian, White",1
R_3fJitFrZBkuGsNR,2,6,6,6,3,2,1,43,1,,2
R_1Kqbfw1cRPlQbQo,2,1,6,4,5,1,2,25,1,,3
R_1kRoHLWj7qQCFnu,2,4,3,4,4,1,2,25,1,,1
R_yPB4vNj6jXJ2bcd,2,1,2,3,3,2,1,27,1,,2
R_BJtP01KdIqLvwv7,2,1,4,4,3,1,1,31,1,,1
R_1mvZHs3WRzkm94O,2,2,7,6,2,1,2,30,1,,3
R_23TqtdBTE70D7a0,2,3,1,3,3,1,2,39,1,,3
R_24f7SnoAkO2bhca,2,1,7,6,1,1,1,34,1,,1
R_1QFshu85bqeyOIj,2,2,1,2,3,1,2,34,1,,3
R_1nPeNjkQDu6zqhG,2,5,5,4,5,4,2,26,3,,2
R_3JHRIi4FG0vMT4h,2,5,1,1,1,1,2,25,4,,1
R_ysRjool5kDCVMCl,2,7,1,1,3,2,1,38,1,,2
R_2dRUOGNThk5dQvI,2,7,1,1,1,1,1,19,1,,4
R_2e2zDiYX4EbECik,2,6,2,4,3,1,2,33,1,,1
R_3PNbRut5eQSFl5P,2,6,2,2,4,4,1,32,1,,1
R_6lBrbiVWs5oz69P,2,3,4,4,1,1,2,32,1,,2
R_XNHgo4ddwdaewzT,2,5,1,1,1,1,1,26,4,,2
R_3qP9sws3wBeGuwm,2,2,6,4,6,3,1,29,1,,3
R_3irihu2DiNtaExY,2,3,1,2,4,5,1,0.27,2,,2
R_1rxKGLpxIrm50ZZ,2,6,1,1,5,1,2,61,1,,1
R_2rSMPtZp2qh06Yc,2,4,3,4,4,3,1,25,4,,1
R_2fDQN0H1f33mfmO,2,5,3,4,3,1,2,46,2,,3
R_0PTnsjycBpZ4XqV,2,1,1,3,2,4,2,26,1,,1
R_31bF01m2r4UvghR,2,2,2,1,5,1,2,41,1,,2
R_3Ic2ZGAnktrpuXZ,2,1,1,1,2,1,1,59,1,,1
R_272vEcjmdHLXxEL,2,2,1,1,4,2,1,42,1,,1
R_zTigKZN0TD07PnX,2,5,3,2,2,1,1,25,1,,3
R_6yBUOVjW0h81Rhb,2,1,1,4,6,2,1,21,1,,3
R_1iffGbWAgmCe30n,2,1,7,7,4,5,2,28,1,,1
R_2awtnbmraNDGF36,2,5,2,4,3,4,2,29,1,,2
R_1N3vbIDGr2XZpJs,2,5,5,4,2,2,2,49,1,,3
R_2dRXWoMiWcp87sD,2,1,7,7,4,4,2,22,2,,2
R_8eLJJNwDPY68ftv,2,7,7,3,2,1,1,24,1,,1
R_3EMZRG3xQhxIbYZ,2,2,2,3,3,6,1,26,4,,2
R_3nDIIwNezPymlkl,2,2,5,1,3,2,1,30,1,,1
R_1mIaS7ODN2HTDsJ,2,3,1,1,1,1,2,28,1,,1
R_DuV0jwpK9CUcGJj,2,6,1,2,2,1,2,26,3,,1
R_41nyr0TYZSuTGJb,2,4,6,4,4,4,1,27,3,,3
R_1HdcWSxl6bBYDqh,2,4,2,2,4,1,1,28,1,,2
R_3LdtZUwGddu4Cp3,2,3,6,4,4,3,1,22,1,,2
R_3k82TslNul2dg3E,2,5,2,2,2,4,2,36,1,,4
R_2ahmSvaC1M0vwwC,2,7,1,1,2,1,2,36,1,,3
R_2xPnODMPWOSdXoO,2,1,1,4,4,1,2,55,1,,2
R_DCXpk5WZmCmdcVb,2,5,2,6,3,1,1,45,1,,3
R_2SwwDXsZVVrVVfb,2,4,4,4,5,2,1,20,1,,2
R_1Lte6EkV3ZzlrtA,2,1,2,2,2,1,1,45,1,,4
R_1j7KoQNfj77mwOQ,2,4,7,4,3,5,2,40,1,,3
R_2A1lKb1PzVsPsq5,2,1,7,6,1,4,2,31,5,I don't believe in Race.,1
R_1JON64GdCVsVtpa,2,1,1,1,4,6,1,44,1,,5
R_CfX6HzNI49FHl7z,2,5,6,6,5,2,2,49,1,,2
R_11dnRo4ViBoS0v4,2,3,4,7,4,1,1,30,4,,2
R_RUIc3IsFNOPWHnz,2,1,2,2,1,1,1,28,4,,5
R_wXZVDyeav1yZ7u9,2,3,2,3,2,1,1,27,2,,1
R_1HqPtI4lsNTBP4p,2,5,2,2,4,6,1,26,1,,4
R_1LOvkqrOjXJAj3R,2,2,5,4,3,2,2,21,1,,1
R_1o0VDiMuPXxatZX,2,5,1,2,3,1,1,20,4,,2
R_2xLyW65qRIgpFnB,2,2,2,4,3,1,1,26,1,,1
R_6WgvfhRA4LBUh1f,2,5,2,2,2,1,1,25,1,,2
R_3spjR12NYJwKJEA,2,7,7,4,1,3,1,30,2,,2
R_3nA7BKYyPuwVn95,2,5,2,5,3,5,1,23,1,,2
R_1n3LmPrPJVOpOn9,2,5,2,3,6,2,1,27,3,,3
R_2SAL0GF5HXSnu1l,2,5,2,4,4,1,1,24,1,,2
R_qyEaqF7VofpInp7,2,1,4,4,4,2,1,48,1,,1
R_2YaWRhKgAj6kPut,2,3,5,4,2,2,1,46,1,,1
R_03qExEMNZL5R8b3,2,4,1,1,3,1,2,51,1,,3
R_2AQIOoNiAxA3YpA,2,6,1,1,2,1,2,26,1,,3
R_3RrVNyBPCp9knce,2,2,2,3,3,1,1,25,4,,2
R_3n2fYBCV2tOhrvz,2,4,3,3,3,2,1,25,1,,2
R_xxTsqUxV5KRwOd3,2,6,2,4,4,2,1,27,1,,4
R_1HXLFzQyICayAbT,2,2,3,4,3,2,1,35,1,,6
R_vITpOFrCfIW68H7,2,5,1,1,1,1,2,29,1,,1
R_scZX0BOb3xnqJs5,2,5,3,5,3,3,1,27,1,,1
R_3JlbJvtXlBw2MhY,2,1,1,4,5,5,1,59,1,,2
R_2D1bZLCvaRdHUJo,2,1,6,7,3,4,2,63,1,,4
R_6gR78xZ6Qcq3pZf,2,5,3,3,3,4,2,41,1,,1
R_22y7rCtp4XbYsUp,2,3,1,2,1,1,2,26,3,,2
R_23dztEh3cc1XsbX,2,2,6,5,5,5,1,33,1,,3
R_2qeDr1qIAEiSnyh,2,2,4,2,3,1,1,23,1,,1
R_1LcH5x9xPceypnM,2,5,2,3,3,1,2,35,2,,3
R_2QgpwpddSVVjpji,2,4,1,1,1,2,2,25,1,,1
R_27figxSlf45Yjvj,2,6,1,2,1,2,1,33,3,,2
R_3maxsaYYiWvlBcu,2,1,1,2,2,1,1,31,1,,2
R_2V9dI1QG1TvGE5P,2,3,5,4,3,1,1,22,1,,1
R_u8GkZJd9MaUZk8F,2,3,4,4,4,2,2,53,1,,1
R_2aSR0zYPCZQd3Jn,2,1,7,7,3,1,2,33,1,,1
R_3CTqFoEyQ8ueFro,2,1,1,4,3,1,1,34,4,,4
R_9shbuRg3AYhMOkB,2,1,7,7,4,2,1,35,1,,2
R_3rM9AOjjrssgqXS,2,2,1,1,3,2,1,19,3,,3
R_1g872oB6KEPb2BT,2,6,1,2,3,5,1,25,1,,1
R_eqEaviRRU1VktTH,2,4,1,1,1,1,1,23,1,,2
R_3dGhL3Lxh14kUkG,2,5,4,3,3,2,1,27,1,,3
R_2cA7xgrHvX7UY10,2,4,2,2,2,1,1,25,1,,2
R_2YxHCuU7iexTMMx,2,1,2,3,2,3,2,33,4,,1
R_2WI54eilG9Vl73V,2,2,2,4,3,1,1,22,4,,1
R_a03G6NjxsGommR3,2,6,1,2,4,1,1,32,1,,5
R_22r9sQbdc7sUrqc,2,7,5,4,4,5,2,23,1,,4
R_3L83BogxFezJCXJ,2,7,1,1,3,1,1,39,1,,2
R_3D7vYmDqieCc5zT,2,1,5,5,2,1,1,24,4,,2
R_ODRH2DLnoGT40rD,2,5,4,2,6,4,1,22,1,,4
R_27wkc1LLNwd0v1G,2,2,1,1,1,1,1,20,1,,1
R_1PRIbr28jcGJreI,2,5,3,3,2,6,2,53,1,,2
R_1Fhsf8hfQOs9AI0,2,3,1,2,3,1,1,20,4,,1
R_2TXYveehvjbrG6s,2,4,4,5,4,3,1,20,4,,1
R_0eMBDCYOtKnolMt,2,3,3,4,3,2,1,31,1,,3
R_2RaLpcXP9AKYdVW,2,1,3,2,2,5,2,43,1,,3
R_UVMypcskyDDAZm9,2,3,3,4,3,2,1,26,1,,2
R_1ovDWkSK4HnQd7m,2,2,4,1,3,1,2,40,3,,2
R_2VDOumJiATjOwea,2,7,7,7,4,6,1,30,1,,2
R_22zfripbl6ZaV1s,2,4,4,5,1,4,1,30,2,,2
R_2us1tapikVEpRDP,2,6,2,1,2,1,1,30,1,,2
R_1hECfijoKjUQNEp,2,2,2,4,1,2,2,52,1,,1
R_5nbFo4lpAAeNrPT,2,6,7,1,2,1,1,26,1,,3
R_2bK1JiNi1b6ibTt,2,4,5,3,3,1,1,24,4,,4
R_XFDtVsHVkPlersd,2,3,3,3,4,4,1,29,1,,3
R_1hAsMuRx2JWxvDa,2,5,2,4,5,5,2,22,2,,1
R_u4lxhkwgbQ2D3cB,2,3,6,6,3,1,1,22,1,,1
R_5coZQVcH101oAeZ,2,4,7,6,4,5,1,49,1,,4
R_4I8XP9zecgPQyBP,2,3,2,1,2,1,1,26,1,,5
R_3plnI78rPN7Niyy,2,6,2,1,2,1,1,25,,,1
R_2y0YBkDPfmoqEWk,2,2,6,5,3,1,1,31,1,,1
R_3NX0SdGHtBER0XG,2,3,2,4,6,6,2,48,3,,3
R_3PMqeDwO1wMqM8i,2,5,3,3,2,1,1,25,1,,2
R_32WILfttwvcWbKx,2,6,2,2,3,1,1,25,,,1
R_296YxzMDA9LaCE3,2,1,1,4,3,1,1,21,1,,1
R_PtxjqRGQvP59Y3L,2,7,1,1,1,5,1,30,1,,3
R_1l5dXqhId3CTOgj,2,4,1,2,4,1,2,23,1,,1
R_2uPrGyBKA1V5TxF,2,1,6,4,1,3,1,22,1,,5
R_XoFBDrUr6qdNOil,2,5,3,2,5,4,1,20,1,,5
R_2sbftrhmCG7Hyif,2,2,5,1,4,1,1,27,1,,3
R_6nv6kN84iRoiaCl,2,2,3,3,3,1,1,23,1,,1
R_bIOmfYrEhAb8Ke9,2,4,2,2,2,1,1,39,1,,2
R_2D21xXYf73K7Xpb,2,1,1,7,1,5,2,43,1,,4
R_XgCBnNseCZ3n5wl,2,3,1,4,4,1,2,27,1,,3
R_emKtD0mwJcxD3Ud,2,1,4,6,5,6,1,21,3,,1
R_1BVDIO8ryltTxgs,2,2,2,2,4,2,1,22,1,,1
R_5tG4UCxfDpLn3wt,2,3,1,1,1,3,2,49,1,,1
R_CeGZ4vK78DnJkdz,2,1,1,2,4,5,2,32,1,,3
R_3g6Cih2qnHDBuq8,2,7,1,1,2,4,2,27,1,,1
R_22rVmYOBTnEdiwt,2,5,3,4,6,4,1,28,1,,2
R_25tnUXKjFiiioVd,2,3,5,4,3,1,1,29,1,,2
R_RODNunlHjUdNqOR,2,1,7,1,4,2,1,26,3,,3
R_1PYKyBDdAgLKyBU,2,7,1,1,3,1,1,23,1,,1
R_2rPhQiP7IFtsXpq,2,6,1,2,6,1,1,27,1,,4
R_ZsfcZPrRQXfVWcF,2,3,2,2,5,3,1,28,1,,2
R_8HW2ix01x9LW0iB,2,2,4,4,4,5,1,38,1,,1
R_0NFY9OsO4ORXmrX,2,5,4,1,2,2,1,20,4,,1
R_Ahda1sEbe2ZvWfv,2,5,1,2,3,1,1,19,4,,1
R_1FExp0Ng0BVlEIK,2,5,3,4,4,2,,,3,,2
R_27sCdbBuZJjpf0w,2,4,4,4,3,1,1,34,1,,3
R_cNf9rXWHrMNLrRD,2,4,4,4,3,1,2,21,1,,7
R_1pXPcL1vikzCA9K,2,6,2,3,2,6,2,19,2,,2
R_6xjseFYK6ZnUTEB,2,2,1,4,2,1,2,28,1,,1
R_2fqdD9bNQhUWKPx,2,7,1,1,4,1,1,29,1,,4
R_PMTLecL6wGmhn1f,2,1,4,3,2,1,2,27,1,,3
R_1r6Yh03MugOggjn,2,1,2,1,2,4,2,31,2,,3
R_1rf4wqni7VHtYSx,2,1,1,4,2,1,2,48,1,,5
R_pF1ndkFIBlr4J5D,2,1,1,1,6,6,2,29,1,,3
