subj,condition,mediator,dv,politics,religion,gender,age,race,race_TEXT,income
R_3r1wh1hszu6IDyg,1,3,7,1,1,1,29,1,,2
R_1Ij9ENr9vwGbALj,1,2,6,4,1,1,32,1,,3
R_2rqeGL64Kxxm5SN,1,1,7,3,1,1,53,1,,1
R_3Ei2rs2WDo78h1Y,1,2,6,3,2,1,41,1,,1
R_31T9chI0PJYaA61,1,2,6,3,1,2,50,1,,2
R_2zBm1PzTD3jDtuT,1,2,6,2,1,1,26,1,,1
R_1hHdjdKnU5xy1LC,1,1,7,2,1,2,27,4,,2
R_vqWU7oycH4Lfw8p,1,2,6,3,2,1,24,1,,3
R_OcLijIoO5d6ZpAd,1,5,2,2,3,2,28,1,,4
R_1OGG5iUgEG4WHv6,1,3,4,4,2,1,24,1,,4
R_3KD4wFoVFsIMFc5,1,1,7,2,1,2,29,1,,1
R_1f9O1EFPpwgkLgQ,1,1,7,3,1,1,22,1,,2
R_22zwMZe2r8bd5PU,1,6,7,3,1,1,36,3,,2
R_1nTq359lAT6aZLb,1,3,4,3,4,1,23,4,,1
R_9zrPCAG60if64nP,1,2,5,2,1,1,36,1,,3
R_TjzdEQHT7jX1FJL,1,1,7,4,2,1,33,1,,2
R_bfTb76B7qaM0ltD,1,3,5,4,4,1,22,4,,3
R_3MzFppfsMFxpckr,1,1,7,3,4,2,45,1,,2
R_2V2wNYauR89tIYX,1,3,7,3,4,1,32,1,,2
R_2aWD3Zgk78HFRi3,1,3,6,3,3,2,27,1,,3
R_237vmcKAA1ihJUA,1,1,7,4,2,1,20,1,,1
R_3nUf83T6SyvDmSN,1,2,5,2,1,1,28,1,,3
R_12zp9e6nzLE5KYp,1,2,7,1,4,1,22,1,,2
R_33akXuM19ww1MoQ,1,4,3,3,1,1,20,3,,1
R_3GfArO15X6PCBwZ,1,7,7,1,5,1,31,1,,2
R_86Y2Q33yWCM1Mw9,1,1,7,2,1,1,21,1,,2
R_2VwrbSLgbLyiDZu,1,1,6,1,1,1,23,3,,3
R_23ahYMq8ONcLWAb,1,2,7,4,3,2,25,5,Guyanese,1
R_1LNXBhiYoynys45,1,1,7,2,1,2,36,4,,5
R_1IEE7RtGZ7rTGKD,1,1,7,2,1,2,23,1,,1
R_2viSAwLseOFdY7o,1,2,7,3,5,1,26,2,,2
R_2veuwXjYHNcy9Ie,1,2,3,3,1,1,23,3,,1
R_2PmJMQtrKtzr81c,1,5,5,4,3,1,28,1,,2
R_1rNWyURh1kWD5TR,1,5,5,4,3,1,28,1,,2
R_3RrdnIm9niCKLLI,1,5,3,4,4,1,31,1,,3
R_1q55sUk9glAah8u,1,5,5,2,1,1,33,1,,1
R_2z6bIy4EgyEJCWp,1,1,7,4,5,2,62,1,,1
R_Ray95PpTGCe6IeZ,1,3,5,2,1,1,38,4,,3
R_UoLZrQN1yvaSIDf,1,3,7,1,1,1,46,1,,5
R_3dWmBoypHBvTez3,1,4,6,5,3,1,46,1,,2
R_3GvumAy8scEAzhZ,1,2,6,5,1,1,37,1,,2
R_3kHRnny5vUrGXbB,1,1,7,1,1,2,26,1,,1
R_1qUmEbiBNgmAjqT,1,1,7,3,2,1,25,1,,1
R_2tDpISp7RKlo0Yq,1,2,6,2,1,1,40,4,,6
R_6tcULG0brnOZv0J,1,1,6,1,1,2,35,1,,3
R_6LtVqEDkeYbDdeN,1,1,7,4,1,1,28,1,,2
R_3UfzAAlATRqrsRD,1,5,5,4,4,1,25,1,,2
R_5pdK40GV0STqmHv,1,1,7,3,5,2,52,1,,4
R_3MGWrtgvjfkyJDx,1,2,7,2,1,1,26,4,,3
R_2flH3jO2rDC92Vi,1,6,5,4,2,1,27,1,,3
R_urCN7kGschZIWFr,1,1,7,4,6,1,41,1,,2
R_214zVT5Yw4rj5qW,1,6,5,1,2,2,20,1,,1
R_3sntQkw7ooSzn51,1,2,5,3,1,1,29,2,,2
R_3QpaLeKJxiuw5IB,1,1,7,3,1,1,35,1,,3
R_eXa9AbXWN2BUBO1,1,6,4,2,1,2,24,1,,3
R_wTpYdPecDFA5LIB,1,2,6,2,1,1,29,1,,1
R_qL7z6imVuGflPuF,1,1,5,3,1,1,25,1,,2
R_3DeIdZFC6Kv42gl,1,1,7,2,1,1,71,1,,2
R_3FPxLHr557JoqyX,1,2,6,2,1,2,24,1,,1
R_24rbASRkJTvi6p2,1,1,7,2,3,2,22,1,,1
R_1d6yEtONlCIwxme,1,7,7,3,1,1,31,4,,6
R_1BOZ5YyZhobCaNd,1,2,7,4,1,1,40,1,,2
R_1LC3xBMdgu8X4Uh,1,2,7,2,4,2,25,1,,1
R_1BY35ls0DjHaAJ4,1,1,7,1,1,2,33,4,,3
R_2uyaafjgsUMooOj,1,2,6,3,1,2,52,1,,2
R_3QQRnwm9HH4tlgF,1,2,6,5,3,1,44,4,,4
R_OCBYd4nD7gzaCHv,1,2,7,2,2,2,21,2,,2
R_pMcqteepAID5TO1,1,4,5,4,1,1,21,1,,2
R_31hMWGyl7H4zy45,1,1,7,1,1,2,30,1,,2
R_2tfge1Ap7889vY0,1,2,6,5,6,1,33,4,,4
R_eP9kk0WzFjEZ2Gl,1,4,5,2,1,1,33,1,,1
R_R2CzFjzNO0l77xf,1,1,2,1,1,1,24,1,,3
R_2UaMsUcWpBtDjNH,1,1,7,3,1,1,19,1,,1
R_1mQNHL9MqOWVUBQ,1,1,7,2,1,1,29,3,,2
R_2vjgchZF9O3d2hv,1,2,5,5,4,2,34,1,,1
R_1rGpMGWfMCqREoz,1,3,6,2,1,1,31,1,,2
R_1ClTEeUYtOcMFP5,1,1,7,3,1,1,36,1,,2
R_R9PeHNgP6955aFz,1,3,4,3,1,1,26,1,,2
R_2Ba4UnXfAecAN2m,1,1,6,2,1,2,39,2,,3
R_1OdosbtQSVminjr,1,1,7,5,5,2,34,2,,1
R_zYJboKpSSVXwB6F,1,2,7,2,1,2,27,1,,2
R_3PccflYwJLYqALO,1,1,7,4,1,1,29,1,,1
R_2h2jYoiOuClCY5X,1,1,6,5,6,1,55,1,,3
R_2aYaQzF0m3RYpcR,1,3,5,3,1,1,27,1,,3
R_vYoaq3WjcWto3wB,1,1,7,1,1,2,31,1,,3
R_1F56fRmLpvW0qwe,1,6,7,3,1,1,32,1,,1
R_31gciOOgYjHCMT0,1,3,7,2,2,1,38,1,,3
R_2bTQnd2NaMU1pya,1,1,7,1,1,2,47,1,,1
R_2fycQ1AT2n8BJb1,1,1,7,2,1,2,37,1,,4
R_3hiPBrsFfgYn7in,1,1,7,3,3,1,22,3,,1
R_3kbPt3Yb9MuCzP5,1,3,7,2,5,2,31,1,,1
R_33EcN3TLnTJ7KI3,1,2,7,2,1,2,31,1,,3
R_1r1hKjsKIXFBtCv,1,1,7,2,2,1,29,1,,1
R_2496UDbvtsqPauY,1,3,6,2,1,1,34,1,,4
R_Q4wXoMfLkbq2J7H,1,3,7,5,1,1,29,4,,4
R_BM9GOSjixwsua4h,1,3,5,3,1,1,27,1,,1
R_2tm3sksVeQDgyKm,1,2,4,5,2,1,40,1,,1
R_3QK2XIS9P3bHAh2,1,4,3,4,1,1,35,1,,1
R_2PhCo3F0R03rxkB,1,1,7,4,1,2,47,1,,1
R_3eG3thRCbU3fmmt,1,2,7,4,4,1,29,1,,2
R_21tRPjyXzchhO3d,1,1,6,4,4,1,39,1,,5
R_2fCmiKIVGMBsRfP,1,1,3,6,5,1,42,1,,4
R_BzY6y3GaKZujNdL,1,5,3,2,1,1,34,1,,3
R_1rkLRxv1TVHYa3m,1,2,7,2,1,1,32,1,,2
R_1hAopfwnpJF6BmJ,1,1,7,3,1,1,20,3,,1
R_1gGy3AgojiNZYzw,1,1,7,1,1,1,20,5,biracial,2
R_OIq3Ju2Y1XIVG37,1,1,7,1,5,1,23,2,,2
R_wLdg4ObDZgTHKUx,1,4,2,4,5,1,23,1,,2
R_1mrbMM5e7XMcU9k,1,2,7,3,1,1,26,4,,1
R_42xNoPNqYW2KXRz,1,2,6,1,1,1,19,1,,1
R_2dAZBgQHLUyrnyH,1,2,7,2,1,1,27,1,,2
R_ewAK1PB2u5Wq5zn,1,1,6,2,1,1,28,1,,1
R_6gUAGB6Tojb622N,1,3,5,2,1,2,34,1,,4
R_1CkftGqfuE1MuZ9,1,1,7,2,1,1,36,3,,2
R_22CXtmRQU1FUoHY,1,4,7,5,5,1,27,2,,4
R_1dcC78YOZEMyZqt,1,2,7,4,5,1,36,1,,3
R_2OK3ac3nOcvcFA8,1,1,6,1,1,1,25,1,,1
R_2Su9dkwfUiVMUuh,1,1,7,1,1,2,37,1,,3
R_3nu9ht1pD5bslJS,1,1,7,3,1,2,36,2,,2
R_uzjVTRFVMI7ULZf,1,5,4,2,2,2,21,2,,1
R_1d4hdBsftvIPRk2,1,4,6,4,1,1,36,1,,3
R_3EbOp384qLBqnbJ,1,2,6,5,3,2,26,1,,2
R_1IxUtKvVTHqEyJ8,1,7,7,3,5,1,34,1,,2
R_3ixy7FJrm3nXl2y,1,2,6,4,4,2,27,1,,3
R_9XlgnQWyV8dQYEN,1,3,7,2,1,1,29,1,,3
R_3J97k9lF70hiyAy,1,3,7,4,1,1,59,1,,1
R_3JIXOoM9JZlpnuA,1,2,6,2,5,1,22,4,,2
R_2tLH2rJovEF3j4O,1,2,6,1,1,2,18,4,,1
R_25ZXAdykEE9Bw5J,1,1,6,3,1,1,41,1,,3
R_W2KamtJP1ysF2SJ,1,1,7,1,1,1,24,1,,1
R_1Qu3zrUw72rPPmn,1,2,7,4,6,1,33,4,,5
R_1MM0YkVPHWVF1TV,1,5,3,3,1,1,36,1,,2
R_9o7K2lKqroy0dhf,1,7,7,2,4,1,29,1,,4
R_24AyTcA2kjeDDT4,1,7,6,4,1,2,33,1,,2
R_3k03XltfEPb7JGd,1,5,4,3,3,1,25,4,,1
R_10ucotQXKj4Rg9o,1,4,4,2,6,2,42,2,,2
R_1qTVvlKNvufVADB,1,3,6,2,1,2,23,1,,1
R_3dYCGsCwXXXyNfT,1,3,6,2,1,1,23,3,,1
R_e343YfyBA8qJ9Pb,1,3,5,3,2,1,27,4,,2
R_tPNDSk0i48roncd,1,1,7,1,4,2,32,1,,2
R_3lsS06rI03MgHga,1,2,6,3,2,1,36,1,,5
R_11gr66ayjeYEULC,1,1,7,1,2,1,21,1,,1
R_2YochuiCkKLKE6Z,1,1,4,2,1,1,22,4,,2
R_2YyrsbN6ZCN8SnC,1,1,7,3,2,2,59,1,,3
R_2cC9qJobWAjcaMy,1,2,7,3,4,1,20,1,,2
R_3fioVoYIbyuAQeF,1,1,7,3,3,1,25,1,,2
R_3syOrfkwPu0bhzD,1,1,6,1,3,2,23,1,,1
R_VJTUQ7qwi33tM4x,1,2,6,2,1,2,20,4,,1
R_1igk4zTKh3cBBqJ,1,3,5,2,1,2,25,4,,3
R_TpvNMBLhDvGZFqV,1,1,7,1,1,1,24,1,,1
R_1mO8hLZy9DNjwDK,1,7,7,4,4,1,37,1,,2
R_2SBl8EaB1MetVvk,1,1,4,2,2,2,26,4,,3
R_Pwd3oXBbcgAN4Fb,1,6,7,2,2,2,29,2,,1
R_8cyRuAhQNboaSOZ,1,1,7,5,5,1,40,1,,1
R_22Mnw7QHAISiHAn,1,1,7,2,5,2,31,4,,2
R_sXPYsGKDnKdHgkN,1,2,6,4,4,2,21,1,,1
R_2VEYhJ5LdfcBU0Z,1,1,7,4,6,1,33,5,"Black, White and Indian",3
R_1F8nXsSAtrpr0kS,1,1,7,4,1,1,25,1,,2
R_1DuQ1ccljhY7Uec,1,2,5,4,5,1,32,1,,2
R_1rdWxLNOCJY7qL0,1,2,7,2,3,1,31,1,,4
R_1mDHc8UeyoEBKAZ,1,2,6,2,3,2,36,1,,2
R_2xE0DfeBlQdlj3L,1,1,5,2,1,1,27,1,,3
R_Ck4SIItAtvDA8Pn,1,2,6,2,1,2,22,4,,2
R_1GUeki5ZJPiEm3i,1,1,7,5,6,1,33,1,,1
R_1DA85u3ktplcTM1,1,1,7,4,5,1,23,1,,1
R_3NVPlX2esvQ9wd0,1,1,7,4,1,1,22,1,,6
R_1Iu7hF9oLQpaAHb,1,2,5,2,1,2,25,1,,3
R_8DmaoPG0awCI0EB,1,1,6,2,1,2,22,1,,1
R_1C2S2tykndLu4tB,1,1,7,2,1,1,33,1,,1
R_290T8G7HcMP2fcI,1,3,5,5,5,1,30,1,,3
R_2uvO7ZazPmHE198,1,1,7,2,1,2,36,1,,1
R_b1uqSiygThUoe6R,1,3,6,4,2,1,26,1,,3
R_1exB52xvMhkp5hV,1,1,7,3,2,2,26,1,,2
R_1n2sh4W8lREH2Cu,1,1,7,2,1,1,25,1,,1
R_batbRh0PlJaVtIJ,1,7,7,2,1,1,24,1,,4
R_2fDw6H0i2uxMbaW,1,5,4,5,5,1,37,1,,1
R_ufFQJMdfLqgATPH,1,1,7,2,4,2,36,2,,3
R_1qb2N8yca6P2aUe,1,1,3,3,1,1,37,1,,2
R_rcNMgYgTXc0NJT3,1,4,5,2,5,1,23,1,,3
R_sXU0HJ1QChqPkat,1,2,7,1,1,1,23,3,,3
R_57pNzwHKgNjTwHj,1,5,5,3,1,1,41,1,,2
R_2Pbf0u3p2DfGhYh,1,2,7,3,1,1,27,1,,1
R_2aQQDnq0QhXR5rU,1,1,7,3,1,1,21,1,,1
R_2VOswo1ySMBfVjP,1,2,3,4,5,1,28,1,,5
R_9zWA7eefc646365,1,1,6,2,1,1,54,1,,2
R_2w5J8RxAqUT1sQx,1,3,4,2,3,2,35,4,,1
R_2dSys9pe4NwiKrs,1,7,6,2,1,1,23,1,,1
R_bemFD5niOFEZCMB,1,2,6,4,5,1,23,1,,2
R_1Oq6mkJlaVw1piL,1,1,7,2,1,2,27,1,,2
R_3dKAddz27nZawDP,1,3,6,4,5,1,33,3,,3
R_3HI8PVtm1G787o6,1,5,3,4,2,1,54,1,,2
R_3DimG6sMzL2fVAt,1,3,6,3,4,2,24,1,,3
R_27BV9k2JDcSLMGG,1,6,6,3,1,1,29,4,,3
R_1nVfGJoceNI47W2,1,7,2,4,1,1,21,1,,2
R_2fxuKdZE3Uf7UlD,1,7,7,3,2,1,26,1,,2
R_3KTKvNLnpKFiy9O,1,3,6,4,5,1,22,1,,1
R_egPfBmQO9b9Fv2x,2,1,1,3,5,1,23,1,,1
R_87DFyA5JjZXPg5j,2,6,2,3,1,1,27,1,,3
R_0CBG5OHTRUFTjKV,2,2,2,1,1,2,44,4,,1
R_1C2V6svkzvFyvxe,2,5,2,5,1,2,67,1,,1
R_3syt8HMUcwKEYzT,2,1,1,2,1,2,53,3,,2
R_cMG4JakFkHhFSet,2,3,3,5,4,2,56,1,,2
R_3fNxMRPKHDt181Q,2,7,1,,2,1,35,1,,1
R_323bUp3SQ16Xjvl,2,2,1,4,1,1,24,1,,1
R_TsZ9v2mRO29hZTP,2,6,3,3,4,2,29,1,,1
R_5BEaCFsS72eoL7P,2,6,5,4,4,1,19,3,,1
R_1FDQGOTp9UVlAcH,2,7,1,2,3,2,21,2,,1
R_2aa8XH5xsl5Wz64,2,3,1,4,6,2,32,1,,3
R_2OYKGUItAuZk16t,2,6,1,1,1,1,68,1,,4
R_2V4wjK64KQtlLKq,2,2,1,1,4,2,65,1,,1
R_3kLnsCbgwOVUllf,2,6,1,4,2,1,23,1,,1
R_sTDcCoLVf9bSEDf,2,7,1,5,1,1,27,1,,2
R_Ap8CZbYbWtr2kRr,2,4,4,4,3,2,37,1,,3
R_entKDkL8pAxPBXH,2,4,2,3,1,2,30,1,,4
R_2AZSoXYLQinG5Me,2,5,1,3,1,2,32,1,,2
R_2D78RXLZnH1nQ3l,2,4,1,3,2,2,42,2,,2
R_1itDgoxm5qozia6,2,4,3,3,1,1,43,1,,1
R_1JEFwgnLyscrVrX,2,6,1,4,4,1,59,1,,3
R_3inatyJ4ieVe2J1,2,5,1,1,1,2,38,1,,4
R_10NuAKQ26sO8sRk,2,5,1,4,6,1,33,1,,3
R_2Wujokqjjs5P7cx,2,2,2,3,1,1,29,1,,1
R_32Pm6ROBRlGm9z0,2,2,1,2,1,1,22,1,,1
R_12FkBQ8W5JURxXl,2,4,1,3,3,1,18,1,,2
R_1eDlB7cRaXerIuP,2,7,1,5,1,1,28,1,,2
R_3NxL0rgk5XdmRle,2,4,5,4,5,1,32,1,,2
R_2wTPqo6Is56my3X,2,5,1,2,1,2,29,1,,3
R_1PTN0YXlGDfV0cY,2,5,4,4,2,2,49,1,,2
R_bQlaattrg3i7j49,2,2,2,3,1,2,25,5,black/asian,1
R_23IZal1WAdvAUWV,2,5,1,2,3,2,30,4,,3
R_1PXdg8l2wTlChzb,2,7,1,4,1,1,23,2,,2
R_3NDRJbTtSo0pWDZ,2,5,2,5,2,1,52,1,,1
R_1mIx0vNlfe8dOxm,2,4,1,3,2,2,26,1,,2
R_DnJuBec39vUBdIJ,2,5,4,4,3,1,28,1,,2
R_1PZ5voWh9V3XyRm,2,7,1,2,4,2,31,1,,1
R_9EOtwBo8Cxabwhf,2,7,1,2,1,1,57,1,,1
R_2t6DFGcCcUaOn3r,2,6,1,3,5,2,52,1,,1
R_1NFkczZ4DWDia9W,2,4,2,4,3,2,42,1,,2
R_aV30v92eXgDlkml,2,1,2,1,1,1,21,1,,1
R_2SAhrYU5kTlr5KZ,2,6,2,4,1,1,23,1,,1
R_3j7HbDh8vDm9rrj,2,1,1,3,1,1,33,3,,5
R_3nUSGtHsS97MSeG,2,3,2,2,2,2,29,1,,1
R_8CCO53VwdD2xer7,2,3,1,4,1,1,22,1,,3
R_30dYGET5ob6jlP7,2,6,3,5,4,1,43,1,,5
R_ClFiAGpGmBQiLRv,2,2,1,4,6,1,35,1,,1
R_11k0qilBG7cozPs,2,6,3,4,2,1,24,1,,4
R_3k17MfEtSGV0GkV,2,7,1,6,5,1,48,1,,5
R_0HZeBHVWFOsx9L3,2,4,1,4,5,2,36,1,,2
R_39jxrW0qc1n0SWd,2,4,1,2,1,1,25,1,,2
R_2coUbNoHuGLnMm5,2,5,2,3,4,1,20,1,,1
R_3KASFwk3MgI4SNa,2,5,4,2,1,1,30,1,,4
R_3HIgkOOseZn9r6x,2,7,2,4,2,1,32,1,,3
R_XXqfaZujPf8sUXn,2,6,2,4,4,1,28,1,,2
R_3dGsZCDau3yio2h,2,6,1,3,1,1,22,1,,1
R_2tDziWg4nzSqsNS,2,3,2,2,1,1,28,1,,2
R_81fnLPZNuUqxKc9,2,6,2,2,1,1,38,1,,5
R_3rI0bk7GPZSOzzz,2,6,1,5,5,1,31,1,,2
R_0vSC4NOPH1RNuRv,2,5,2,2,1,2,26,1,,3
R_21uAWcqO2Rg7IU0,2,4,2,3,1,2,22,1,,1
R_xhX9h6QNLvl9W81,2,6,2,3,2,1,26,3,,1
R_2ziNJZqdUml7B3B,2,5,3,3,2,1,27,2,,2
R_3RmiS0st9LiKBWa,2,6,4,1,1,2,38,1,,2
R_3Pi9QTfOsGC1qG2,2,2,1,2,1,1,34,,,3
R_9mmWjqjhnP4DNHH,2,5,1,3,1,1,24,1,,4
R_1OMHkpNX5Y0WtkQ,2,6,1,2,1,1,31,5,pacific islander,5
R_1MYPGep4GNi9FVJ,2,2,1,2,5,2,41,1,,5
R_6m0cn4cAZWLQKpH,2,5,3,1,1,2,24,1,,5
R_10BPMzvgxfaIt51,2,3,5,2,1,2,20,1,,2
R_1LzFKG2DQdTAED1,2,6,1,3,1,2,54,1,,1
R_3eyQpMBK2jMI4in,2,6,2,1,1,1,28,1,,2
R_1kMrpLS3JmuSvmh,2,7,1,1,5,1,24,1,,3
R_2TpAd3ZWvI2AyNW,2,1,7,3,1,2,26,1,,1
R_1o4KnkyrWcEQ33c,2,2,1,3,1,1,60,1,,2
R_d4D7ePvd7AtM7JL,2,4,5,5,5,1,48,1,,4
R_3JtwfkXL8hIhG9e,2,4,4,2,1,1,24,1,,1
R_4NqtuIXgIDDD9El,2,5,1,2,5,2,54,1,,3
R_2fKkuUKOY7op5Uh,2,5,7,6,6,2,49,1,,3
R_24eYWxkwbj3hN1M,2,6,1,2,2,1,30,1,,2
R_3KpRiYtutuRJiyc,2,5,2,3,1,2,39,1,,1
R_215LzhLujfyWMDq,2,4,1,4,4,2,47,1,,3
R_eVA9PN3S9OzTTsB,2,7,1,2,3,2,27,2,,2
R_UXrTAm96eeCwrE5,2,6,2,5,3,2,50,1,,4
R_2PtmZMU3FbWgqAu,2,7,2,5,5,1,60,1,,3
R_2dYn9bhU9mqr1vX,2,3,1,4,4,1,44,1,,3
R_1CpG6ASe3gK4vfw,2,5,3,3,1,1,24,4,,1
R_3O8nspzbMLQuHjb,2,6,1,2,1,2,30,1,,1
R_22mZVX5QnTl278U,2,7,1,3,1,1,28,1,,2
R_1DU6iONS9nbpwNN,2,2,1,2,1,1,29,1,,1
R_25Qkt3rJSmwNWL7,2,7,1,4,1,1,50,1,,2
R_R2zukctHXFR64ox,2,3,1,2,4,2,21,1,,2
R_TdASig3O3RhcZLr,2,4,1,2,1,2,23,3,,3
R_1GUhH2ppjq9B3An,2,3,1,1,1,2,24,1,,2
R_3noOQNsqI9JoAMX,2,4,1,1,1,1,26,1,,1
R_2tbBnYhCvUDJfhg,2,3,1,6,4,2,50,1,,5
R_3MSdQ5JCPQKT3HP,2,4,1,5,1,2,47,3,,5
R_3PH05kJh58AUPkJ,2,4,1,5,1,2,29,1,,2
R_2TMKkxklz7RtJbB,2,4,1,4,1,2,40,3,,1
R_3e4gDp2PPowHxJy,2,6,4,1,1,1,30,1,,2
R_1Fs8UB1qWqUsmIo,2,4,3,3,1,1,22,4,,1
R_eR1woDQIfOkqWqN,2,7,1,6,2,2,47,1,,1
R_3Eo458JWAbz7RBH,2,2,2,4,2,2,29,4,,2
R_sv3l1oHYwc58C8F,2,7,1,5,1,1,28,1,,2
R_2dY2zCH8gIF7RrS,2,6,1,1,1,1,28,1,,1
R_27CLAlz4s3tVxAR,2,6,3,1,5,2,34,2,,2
R_3HnRidI0Jl85yAz,2,7,1,4,1,2,42,1,,1
R_3JEi0AzrBro3G5o,2,6,2,4,4,2,58,4,,2
R_R2jgSJoa9lEWwyR,2,4,2,3,1,2,26,2,,1
R_232g94YRIdQfqyM,2,2,2,6,2,1,25,1,,1
R_10Yn1NmqbKsuKzw,2,7,3,3,1,2,29,1,,2
R_xFV1b2poyiR9fEd,2,6,2,2,2,1,45,1,,1
R_1OHtRT8OwrfXDQB,2,3,1,4,1,1,21,4,,4
R_3RdR6UUdCUAzRrM,2,5,2,3,2,1,22,4,,2
R_2roSB4T6dHOnMSe,2,1,1,6,6,2,32,,,1
R_1JXarKKBhJDrX02,2,7,2,3,2,1,20,1,,1
R_2E0EaIXLn2MBkZH,2,6,2,2,2,1,22,1,,2
R_3HhKyMUrH1z2to1,2,7,2,2,1,1,31,1,,2
R_1I4MJDBg2PPc6Wu,2,6,1,4,1,2,24,1,,3
R_1BXUo8QxyfbcIOf,2,5,1,1,1,1,27,1,,1
R_ZDHFyPG26lF8weJ,2,6,1,3,6,2,52,1,,2
R_3JDSFDLUcjQfoBG,2,7,1,5,1,2,22,1,,2
R_bj5sqPlwvPPCbMF,2,2,1,1,1,2,33,1,,2
R_3fkmY3clmnDu9yp,2,7,1,5,4,1,21,1,,1
R_OiNmYWXbvQbHyaR,2,5,3,3,2,2,26,1,,1
R_1ouVb2gHIlgItdw,2,6,1,1,1,1,27,1,,2
R_dhTCT85gZWd32et,2,7,1,1,1,1,27,1,,2
R_QhSCGDAWrHSeDuh,2,6,2,2,1,1,32,5,mult-racial: white and hispanic,2
R_2aE9CqAVF0TkFZf,2,5,1,5,1,1,30,1,,2
R_1M4ikhJATjvkSPT,2,1,1,1,1,2,24,3,,2
R_3iqG0MuQ4pXfR6J,2,6,1,3,1,1,51,1,,1
R_TknIeuqGbXCP745,2,6,5,4,3,2,24,2,,2
R_11YLK8ciVFvX52f,2,2,1,2,4,2,23,2,,1
R_1MMzI129V4pEBCc,2,5,2,3,1,1,24,4,,1
R_1n0CjBtF07OP1XD,2,1,1,1,1,1,20,1,,2
R_5c1KUMbEhgrOsmN,2,3,5,2,2,1,44,1,,2
R_UfQIhsB69L19oIh,2,4,5,3,5,2,47,2,,1
R_2y8YqmWmKrwkLKs,2,4,2,4,3,2,38,1,,3
R_2V7TtAfKpLB9Tfz,2,6,1,2,5,2,46,2,,2
R_2TLtqJ9Exwbblck,2,6,1,2,5,1,31,1,,1
R_yIMZ7rz4Q9sBA53,2,7,2,2,2,1,28,4,,1
R_0i8wtezBKov6qWx,2,3,1,2,5,1,42,1,,4
R_1LLrOOOelyxr8vD,2,5,2,3,4,1,38,2,,3
R_2zd6kSIsHX7O66R,2,5,1,2,1,1,29,1,,2
R_2dRO0eWjuuKn55t,2,7,1,2,4,1,43,1,,3
R_3FOviyuR3kA9Jmf,2,5,4,2,5,1,20,1,,1
R_Dpjio1GFlqIdGYV,2,4,1,2,2,2,30,1,,2
R_2cdfcv7pMXXWyf0,2,7,2,1,1,2,27,1,,3
R_2nNd5KreIsTWk7P,2,4,4,4,4,1,25,1,,1
R_bdXhi1qvFopLjFL,2,5,1,3,1,1,23,1,,1
R_1eztZKt1WWeIipV,2,1,1,4,5,2,30,1,,2
R_1pDyH2euaoGJarz,2,6,6,2,1,1,21,1,,1
R_3kG0R9HX2z07oAt,2,3,4,3,1,1,28,1,,2
R_3ISjV2Kpi6jfYHP,2,7,1,5,4,2,35,5,NATIVE AMERICAN,3
R_3dEBxYtmjRIjPAR,2,1,1,1,1,1,31,1,,2
R_zdHbZL9PUcm4PtL,2,5,1,2,1,2,25,1,,2
R_1DT14TTiZcTbO4C,2,5,2,5,5,1,39,1,,1
R_2ALQUDGqLREGxpT,2,2,2,2,2,1,41,1,,2
R_1QgaVmhBFjVuaDc,2,1,1,1,1,2,39,1,,4
R_C7DKfhgrLyxxlAJ,2,2,1,3,2,1,18,1,,1
R_1exxMj7ySLWJT8i,2,6,3,4,4,1,21,1,,2
R_1GH9oFseDM4wXIi,2,6,2,2,1,1,33,1,,3
R_22yMeZukSlHvqlR,2,3,2,4,3,1,28,1,,1
R_xDRyXnU939vHA41,2,3,1,2,5,1,24,4,,3
R_7a0nkpZu0cPkq7H,2,6,1,4,2,2,29,1,,3
R_2chptIYRCf609XY,2,6,1,3,4,1,19,1,,1
R_1r32vt4fi2JukRG,2,5,3,3,2,1,29,5,Native American,2
R_1IAeBwVaRiFpuaH,2,3,4,2,5,1,22,1,,1
R_2f8ViW7ZpWL3CXW,2,3,4,5,4,1,37,1,,2
R_vkxnPIDnEKhSKPf,2,5,2,1,4,2,23,1,,1
R_XGKURlRcNoHiiLT,2,2,1,3,1,2,51,5,Multi-Ethnic (50/50Caucasian & Native American),2
R_3oG7LnituVZs5Nd,2,4,4,3,3,1,22,4,,1
R_a48OMNrJ17LBVbv,2,7,1,1,1,1,63,1,,3
R_24w0iGOArdUoDUu,2,4,1,2,1,1,21,1,,4
R_8rf0JyUpbYo5ub7,2,1,1,4,1,1,28,1,,2
R_1kGCWXT7pOXSiWc,2,2,2,1,1,2,22,1,,1
R_yr8CUoghu7R1nHj,2,7,1,3,1,2,22,1,,1
R_3hrTcbuaKThyP00,2,6,2,4,1,1,43,4,,3
R_PFjD0XzK1AjOyqd,2,7,1,2,1,1,29,1,,3
R_1gO0WtYVrQsW0mS,2,4,1,3,1,1,32,1,,2
R_rdrL24infRCrbkl,2,4,2,6,6,2,32,1,,4
R_0cV3DYZkTSGWLUB,2,6,2,3,2,1,26,1,,1
R_3KUuQwIBVtrYlvy,2,6,1,1,2,1,48,1,,2
R_31FUf9eMA5XNpe3,2,3,1,1,1,2,28,1,,1
R_5AsVDWIGBC4kwQ9,2,6,1,4,5,1,23,4,,2
R_Q5lmDv3KDFb03g5,2,3,4,5,2,2,20,1,,1
R_2VBDKlcDTkyYnu6,2,6,1,2,1,2,43,1,,2
R_2XaZFOgSLbXjbrt,2,4,4,3,1,2,36,2,,3
R_2qrE6MMICYpqVbd,2,4,2,5,4,2,50,1,,3
R_ToMliMWJaJViuid,2,6,1,5,4,1,36,1,,4
R_3R9lVYGPtlJ2kzt,2,2,2,3,1,1,23,5,White/Hispanic,1
R_3lR1nJDKlzDpg1b,2,3,2,2,3,2,33,2,,1
R_1eOTrszMzSeaNMl,2,5,1,1,1,1,29,1,,1
R_2aUM4GtX9cpTpdJ,2,4,1,2,1,1,58,1,,3
R_2YM2mmb51BUByQu,2,4,1,4,3,2,44,1,,1
R_vpj3ncXrk6DkbLz,2,2,1,2,1,1,24,4,,1
R_TcSgwhpn7FAjKbn,2,3,2,3,3,2,49,1,,2
R_2dGv9W6KdY6eswo,2,1,1,,1,1,36,5,"human, for now",1
R_rigizokVQOmoFEd,2,5,5,2,2,1,29,1,,2
R_1FRE5SSVf54tWVx,2,6,2,3,1,1,32,1,,2
R_21G2Webr1phyQgI,2,4,1,2,2,1,19,1,,2
R_3pss0ZuZNqvlQA3,2,4,6,1,1,2,21,1,,1
R_1BRb9U8cfYQhKnO,2,5,1,2,1,2,33,4,,2
R_2rvgrZIpgIsjANN,2,7,1,4,1,1,30,1,,2
